gen,nevals,avg,std,min,max,time
0,3,0.5873015873015873,0.2944005871585938,0.3333333333333333,1.0,4
1,2,0.4444444444444444,0.41573970964154905,0.0,1.0,5
2,0,1.0,0.0,1.0,1.0,5
3,2,1.0,0.0,1.0,1.0,5
