gen,nevals,avg,std,min,max,time
0,3,0.20952380952380953,0.17509310772238318,0.0,0.42857142857142855,6
1,0,0.42857142857142855,0.0,0.42857142857142855,0.42857142857142855,6
2,2,0.42857142857142855,0.0,0.42857142857142855,0.42857142857142855,6
3,2,0.42857142857142855,0.0,0.42857142857142855,0.42857142857142855,6
