gen,nevals,avg,std,min,max,time
0,3,0.2857142857142857,0.20203050891044214,0.0,0.42857142857142855,2
1,1,0.6190476190476191,0.2693740118805895,0.42857142857142855,1.0,3
2,1,0.8095238095238096,0.2693740118805895,0.42857142857142855,1.0,3
3,1,1.0,0.0,1.0,1.0,4
