gen,nevals,avg,std,min,max,time
0,3,1.0,0.0,1.0,1.0,4
1,2,1.0,0.0,1.0,1.0,5
2,2,0.7333333333333334,0.3771236166328254,0.2,1.0,7
3,2,0.6666666666666666,0.4714045207910317,0.0,1.0,8
