gen,nevals,avg,std,min,max,time
0,3,0.6666666666666666,0.4714045207910317,0.0,1.0,3
1,1,1.0,0.0,1.0,1.0,4
2,2,0.39999999999999997,0.43204937989385733,0.0,1.0,5
3,0,1.0,0.0,1.0,1.0,5
