gen,nevals,avg,std,min,max,time
0,3,0.5873015873015873,0.2944005871585938,0.3333333333333333,1.0,3
1,3,0.8095238095238094,0.2693740118805895,0.42857142857142855,1.0,4
2,0,1.0,0.0,1.0,1.0,4
3,2,1.0,0.0,1.0,1.0,4
