gen,nevals,avg,std,min,max,time
0,3,0.25396825396825395,0.18374344290143213,0.0,0.42857142857142855,4
1,0,0.3968253968253968,0.04489566864676491,0.3333333333333333,0.42857142857142855,4
2,0,0.42857142857142855,0.0,0.42857142857142855,0.42857142857142855,4
3,0,0.42857142857142855,0.0,0.42857142857142855,0.42857142857142855,4
