gen,nevals,avg,std,min,max,time
0,3,0.5428571428571428,0.3364480330029656,0.2,1.0,11
1,0,0.6190476190476191,0.2693740118805895,0.42857142857142855,1.0,11
2,0,1.0,0.0,1.0,1.0,11
3,0,1.0,0.0,1.0,1.0,11
