gen,nevals,avg,std,min,max,time
0,3,0.7333333333333334,0.37712361663282534,0.2,1.0,5
1,2,0.3333333333333333,0.4714045207910317,0.0,1.0,7
2,0,0.6666666666666666,0.4714045207910317,0.0,1.0,7
3,1,1.0,0.0,1.0,1.0,7
