gen,nevals,avg,std,min,max,time
0,3,1.0,0.0,1.0,1.0,4
1,1,0.8095238095238096,0.2693740118805895,0.42857142857142855,1.0,5
2,2,0.7333333333333334,0.37712361663282534,0.2,1.0,6
3,2,0.7333333333333334,0.3771236166328254,0.2,1.0,6
