gen,nevals,avg,std,min,max,time
0,3,0.3333333333333333,0.4714045207910317,0.0,1.0,4
1,2,0.1111111111111111,0.15713484026367722,0.0,0.3333333333333333,5
2,3,0.4444444444444444,0.41573970964154905,0.0,1.0,6
3,0,0.7777777777777777,0.3142696805273545,0.3333333333333333,1.0,6
