gen,nevals,avg,std,min,max,time
0,3,0.5111111111111111,0.3499559055116361,0.2,1.0,4
1,2,0.3333333333333333,0.4714045207910317,0.0,1.0,6
2,1,1.0,0.0,1.0,1.0,6
3,0,1.0,0.0,1.0,1.0,6
