gen,nevals,avg,std,min,max,time
0,3,0.6666666666666666,0.4714045207910317,0.0,1.0,3
1,1,0.6666666666666666,0.4714045207910317,0.0,1.0,4
2,2,0.4444444444444444,0.41573970964154905,0.0,1.0,6
3,0,0.5555555555555555,0.31426968052735443,0.3333333333333333,1.0,6
