gen,nevals,avg,std,min,max,time
0,3,0.4761904761904762,0.40963453652583937,0.0,1.0,3
1,2,1.0,0.0,1.0,1.0,3
2,2,1.0,0.0,1.0,1.0,3
3,0,1.0,0.0,1.0,1.0,3
