gen,nevals,avg,std,min,max,time
0,3,0.3333333333333333,0.4714045207910317,0.0,1.0,3
1,2,0.4761904761904762,0.4096345365258393,0.0,1.0,4
2,2,0.3333333333333333,0.4714045207910317,0.0,1.0,4
3,0,0.3333333333333333,0.4714045207910317,0.0,1.0,4
