gen,nevals,avg,std,min,max,time
0,3,0.4761904761904762,0.4096345365258393,0.0,1.0,12
1,1,0.6666666666666666,0.4714045207910317,0.0,1.0,13
2,2,1.0,0.0,1.0,1.0,13
3,2,1.0,0.0,1.0,1.0,13
