gen,nevals,avg,std,min,max,time
0,3,1.0,0.0,1.0,1.0,3
1,2,0.7777777777777777,0.3142696805273545,0.3333333333333333,1.0,5
2,0,1.0,0.0,1.0,1.0,5
3,0,1.0,0.0,1.0,1.0,5
