gen,nevals,avg,std,min,max,time
0,3,0.4444444444444444,0.41573970964154905,0.0,1.0,3
1,2,0.6666666666666666,0.4714045207910317,0.0,1.0,5
2,3,0.7777777777777778,0.31426968052735443,0.3333333333333333,1.0,6
3,2,1.0,0.0,1.0,1.0,6
