gen,nevals,avg,std,min,max,time
0,3,0.4761904761904762,0.4096345365258393,0.0,1.0,28
1,1,0.3333333333333333,0.4714045207910317,0.0,1.0,29
2,1,0.14285714285714285,0.20203050891044214,0.0,0.42857142857142855,29
3,0,0.2857142857142857,0.20203050891044214,0.0,0.42857142857142855,29
