gen,nevals,avg,std,min,max,time
0,3,0.14285714285714285,0.20203050891044214,0.0,0.42857142857142855,3
1,1,0.3333333333333333,0.4714045207910317,0.0,1.0,4
2,0,0.3333333333333333,0.4714045207910317,0.0,1.0,4
3,2,0.8095238095238096,0.2693740118805895,0.42857142857142855,1.0,5
