gen,nevals,avg,std,min,max,time
0,3,0.4761904761904762,0.4096345365258393,0.0,1.0,3
1,2,1.0,0.0,1.0,1.0,4
2,2,1.0,0.0,1.0,1.0,4
3,1,1.0,0.0,1.0,1.0,4
