gen,nevals,avg,std,min,max,time
0,3,0.6666666666666666,0.4714045207910317,0.0,1.0,11
1,2,0.6666666666666666,0.4714045207910317,0.0,1.0,13
2,1,0.7333333333333334,0.37712361663282534,0.2,1.0,13
3,0,1.0,0.0,1.0,1.0,13
