gen,nevals,avg,std,min,max,time
0,3,0.3333333333333333,0.4714045207910317,0.0,1.0,4
1,2,0.4666666666666666,0.37712361663282534,0.2,1.0,5
2,2,1.0,0.0,1.0,1.0,5
3,2,1.0,0.0,1.0,1.0,5
