gen,nevals,avg,std,min,max
0,3,0.6666666666666666,0.23570226039551584,0.5,1.0
1,1,0.75,0.3535533905932738,0.25,1.0
