gen,nevals,avg,std,min,max,time
0,3,0.8095238095238094,0.2693740118805895,0.42857142857142855,1.0,3
1,3,0.4444444444444444,0.41573970964154905,0.0,1.0,6
2,2,0.7777777777777777,0.3142696805273545,0.3333333333333333,1.0,7
3,1,1.0,0.0,1.0,1.0,8
