gen,nevals,avg,std,min,max
0,3,0.7333333333333334,0.37712361663282534,0.2,1.0
1,1,1.0,0.0,1.0,1.0
