gen,nevals,avg,std,min,max,time
0,3,0.4761904761904762,0.4096345365258393,0.0,1.0,4
1,2,1.0,0.0,1.0,1.0,5
2,0,1.0,0.0,1.0,1.0,5
3,3,0.4761904761904762,0.4096345365258393,0.0,1.0,7
