gen,nevals,avg,std,min,max,time
0,3,0.3333333333333333,0.4714045207910317,0.0,1.0,17
1,2,0.39999999999999997,0.43204937989385733,0.0,1.0,19
2,0,0.4666666666666666,0.3771236166328254,0.2,1.0,19
3,2,1.0,0.0,1.0,1.0,20
