gen,nevals,avg,std,min,max,time
0,3,0.7777777777777777,0.3142696805273545,0.3333333333333333,1.0,11
1,1,0.6666666666666666,0.4714045207910317,0.0,1.0,11
2,1,0.8095238095238096,0.2693740118805895,0.42857142857142855,1.0,12
3,3,1.0,0.0,1.0,1.0,12
