gen,nevals,avg,std,min,max,time
0,3,0.4444444444444444,0.41573970964154905,0.0,1.0,4
1,2,0.5428571428571428,0.33644803300296555,0.2,1.0,5
2,0,0.6190476190476191,0.2693740118805895,0.42857142857142855,1.0,5
3,2,0.6190476190476191,0.2693740118805895,0.42857142857142855,1.0,5
