gen,nevals,avg,std,min,max,time
0,3,0.14285714285714285,0.20203050891044214,0.0,0.42857142857142855,4
1,2,0.2857142857142857,0.20203050891044214,0.0,0.42857142857142855,5
2,2,0.5873015873015873,0.2944005871585938,0.3333333333333333,1.0,6
3,0,1.0,0.0,1.0,1.0,6
