gen,nevals,avg,std,min,max
0,3,0.4444444444444444,0.41573970964154905,0.0,1.0
1,2,1.0,0.0,1.0,1.0
