gen,nevals,avg,std,min,max,time
0,3,0.5555555555555555,0.31426968052735443,0.3333333333333333,1.0,3
1,0,1.0,0.0,1.0,1.0,3
2,2,1.0,0.0,1.0,1.0,4
3,0,1.0,0.0,1.0,1.0,4
