gen,nevals,avg,std,min,max,time
0,3,0.6666666666666666,0.4714045207910317,0.0,1.0,4
1,3,0.06666666666666667,0.09428090415820635,0.0,0.2,6
2,3,0.4666666666666666,0.3771236166328254,0.2,1.0,7
3,3,0.39999999999999997,0.43204937989385733,0.0,1.0,10
