gen,nevals,avg,std,min,max,time
0,3,0.3333333333333333,0.4714045207910317,0.0,1.0,4
1,2,0.06666666666666667,0.09428090415820635,0.0,0.2,6
2,2,0.20000000000000004,2.7755575615628914e-17,0.2,0.2,6
3,3,0.06666666666666667,0.09428090415820635,0.0,0.2,7
