gen,nevals,avg,std,min,max,time
0,3,0.6666666666666666,0.4714045207910317,0.0,1.0,3
1,2,1.0,0.0,1.0,1.0,3
2,2,1.0,0.0,1.0,1.0,3
3,2,0.6666666666666666,0.4714045207910317,0.0,1.0,3
