gen,nevals,avg,std,min,max,time
0,3,0.4444444444444444,0.41573970964154905,0.0,1.0,3
1,0,1.0,0.0,1.0,1.0,3
2,3,1.0,0.0,1.0,1.0,4
3,1,1.0,0.0,1.0,1.0,5
