gen,nevals,avg,std,min,max,time
0,3,0.3333333333333333,0.4714045207910317,0.0,1.0,18
1,0,0.0,0.0,0.0,0.0,18
2,0,0.0,0.0,0.0,0.0,18
3,3,0.4444444444444444,0.41573970964154905,0.0,1.0,20
