gen,nevals,avg,std,min,max,time
0,3,0.4761904761904762,0.40963453652583937,0.0,1.0,24
1,2,0.6666666666666666,0.4714045207910317,0.0,1.0,25
2,2,0.6666666666666666,0.4714045207910317,0.0,1.0,26
3,2,1.0,0.0,1.0,1.0,43
