gen,nevals,avg,std,min,max,time
0,3,0.4761904761904762,0.4096345365258393,0.0,1.0,5
1,1,0.6190476190476191,0.2693740118805895,0.42857142857142855,1.0,5
2,1,0.2857142857142857,0.20203050891044214,0.0,0.42857142857142855,6
3,2,0.42857142857142855,0.0,0.42857142857142855,0.42857142857142855,6
