gen,nevals,avg,std,min,max,time
0,3,0.06666666666666667,0.09428090415820635,0.0,0.2,3
1,2,0.20000000000000004,2.7755575615628914e-17,0.2,0.2,3
2,2,0.20000000000000004,2.7755575615628914e-17,0.2,0.2,3
3,2,0.06666666666666667,0.09428090415820635,0.0,0.2,4
