gen,nevals,avg,std,min,max,time
0,3,0.8095238095238096,0.2693740118805895,0.42857142857142855,1.0,3
1,2,1.0,0.0,1.0,1.0,4
2,1,1.0,0.0,1.0,1.0,4
3,2,0.6666666666666666,0.4714045207910317,0.0,1.0,6
