gen,nevals,avg,std,min,max,time
0,3,0.4761904761904762,0.4096345365258393,0.0,1.0,3
1,0,0.8095238095238094,0.2693740118805895,0.42857142857142855,1.0,3
2,3,0.6666666666666666,0.4714045207910317,0.0,1.0,3
3,2,0.6666666666666666,0.4714045207910317,0.0,1.0,5
