gen,nevals,avg,std,min,max,time
0,3,1.0,0.0,1.0,1.0,3
1,2,0.3333333333333333,0.4714045207910317,0.0,1.0,5
2,1,0.3333333333333333,0.4714045207910317,0.0,1.0,6
3,2,1.0,0.0,1.0,1.0,6
