gen,nevals,avg,std,min,max,time
0,3,0.1111111111111111,0.15713484026367722,0.0,0.3333333333333333,3
1,2,0.3333333333333333,0.0,0.3333333333333333,0.3333333333333333,3
2,0,0.3333333333333333,0.0,0.3333333333333333,0.3333333333333333,3
3,0,0.3333333333333333,0.0,0.3333333333333333,0.3333333333333333,3
