gen,nevals,avg,std,min,max,time
0,3,0.0,0.0,0.0,0.0,3
1,3,0.0,0.0,0.0,0.0,3
2,0,0.0,0.0,0.0,0.0,3
3,2,0.3333333333333333,0.4714045207910317,0.0,1.0,4
