gen,nevals,avg,std,min,max,time
0,3,0.14285714285714285,0.20203050891044214,0.0,0.42857142857142855,3
1,2,0.6666666666666666,0.4714045207910317,0.0,1.0,4
2,2,0.6666666666666666,0.4714045207910317,0.0,1.0,5
3,0,1.0,0.0,1.0,1.0,5
