gen,nevals,avg,std,min,max,time
0,3,0.4444444444444444,0.41573970964154905,0.0,1.0,3
1,2,1.0,0.0,1.0,1.0,3
2,0,1.0,0.0,1.0,1.0,3
3,2,1.0,0.0,1.0,1.0,3
