gen,nevals,avg,std,min,max
0,3,0.5555555555555555,0.31426968052735443,0.3333333333333333,1.0
1,2,0.7777777777777778,0.31426968052735443,0.3333333333333333,1.0
