gen,nevals,avg,std,min,max,time
0,3,0.17777777777777778,0.13698697784375502,0.0,0.3333333333333333,3
1,0,0.3333333333333333,0.0,0.3333333333333333,0.3333333333333333,3
2,2,0.3333333333333333,0.0,0.3333333333333333,0.3333333333333333,3
3,0,0.3333333333333333,0.0,0.3333333333333333,0.3333333333333333,3
